Unit Name,SPO ID,Unit Type,University,Society,Member Count,Members Required,Members Met,Events (General),Events (Technical),Events (Unreported),Events Required,Events Met,Chair,Counselor,Advisor,Vice Chair,Secretary,Treasurer,Webmaster,Officers Status,Requirements Met,Overall Vitality
"Antonio Narino University,WIE",SBA64411,Affinity Group,Antonio Narino University,WIE,38,6,Yes,1,,0,2,No,No,,Yes,Yes,Yes,Yes,Yes,Partial,1/3,Not Met
"Corporación Universitaria del Huila – CORHUILA,WIE",SBA60236869,Affinity Group,Corporación Universitaria del Huila – CORHUILA,WIE,8,6,Yes,1,,1,2,No,No,,Yes,No,No,No,No,Partial,1/3,Not Met
"Escuela Colombiana De Ing Julio Garavito, WIE",SBA27011,Affinity Group,Escuela Colombiana De Ingenieria Julio Garavito,WIE,3,6,No,0,,0,2,No,Yes,,No,No,No,No,No,Partial,0/3,Not Met
"Escuela Colombiana de Carreras Industriales,WIE",SBA05421,Affinity Group,Escuela Colombiana de Carreras Industriales,WIE,16,6,Yes,3,,0,2,Yes,No,,Yes,Yes,Yes,Yes,Yes,Partial,2/3,Not Met
"Escuela Tecnologica Instituto Tecnico Central, WIE",SBA13041,Affinity Group,Escuela Tecnologica Instituto Tecnico Central,WIE,5,6,No,0,,0,2,No,No,,Yes,No,No,No,No,Partial,0/3,Not Met
"Granada Univ Militar Nueva, WIE",SBA63981,Affinity Group,Granada Univ Militar Nueva,WIE,7,6,Yes,0,,0,2,No,No,,No,No,No,No,No,Not Met,1/3,Not Met
"Icesi University, WIE",SBA02571,Affinity Group,Icesi University,WIE,11,6,Yes,4,,3,2,Yes,Yes,,Yes,Yes,No,Yes,No,Met,3/3,Met
"Institucion Universitaria CESMAG,WIE",SBA03103,Affinity Group,Institucion Universitaria CESMAG,WIE,0,6,No,0,,0,2,No,No,,No,No,No,No,No,Not Met,0/3,Not Met
"Pontificia Univ Javeriana Sede Bogota, WIE",SBA04591,Affinity Group,Pontificia Univ Javeriana Sede Bogota,WIE,6,6,Yes,2,,0,2,Yes,Yes,,No,Yes,Yes,Yes,No,Partial,2/3,Not Met
"Univ Cooperativa De Colombia Sede Bogota,WIE",SBA62391,Affinity Group,Univ Cooperativa De Colombia Sede Bogota,WIE,0,6,No,0,,0,2,No,No,,No,No,No,No,No,Not Met,0/3,Not Met
"Univ Dist Francisco Jose de Caldas - Bolivar,WIE",SBA18011,Affinity Group,Univ Distrital Francisco Jose de Caldas - Bolivar,WIE,20,6,Yes,0,,0,2,No,No,,No,No,No,No,No,Not Met,1/3,Not Met
"Univ Distrital Francisco Jose De Cal, WIE",SBA04331,Affinity Group,Universidad Distrital Francisco Jose de Caldas,WIE,18,6,Yes,0,,0,2,No,No,,No,No,No,No,No,Not Met,1/3,Not Met
"Univ El Bosque, WIE",SBA60951,Affinity Group,Universidad El Bosque,WIE,0,6,No,0,,0,2,No,No,,No,No,No,No,No,Not Met,0/3,Not Met
"Univ Nacional Sede Manizales, WIE",SBA61301,Affinity Group,Universidad Nacional sede Manizales,WIE,1,6,No,5,,0,2,Yes,No,,No,No,No,No,No,Not Met,1/3,Not Met
"Univ Pontificia Bolivariana (UPB), WIE",SBA09021,Affinity Group,Univ Pontificia Bolivariana (UPB),WIE,0,6,No,0,,0,2,No,No,,No,No,No,No,No,Not Met,0/3,Not Met
"Univ Santo Tomas De Aquino, WIE",SBA09851,Affinity Group,Univ Santo Tomas De Aquino,WIE,0,6,No,0,,0,2,No,No,,No,No,No,No,No,Not Met,0/3,Not Met
Univ. Distrital Francisco Jose de Caldas SB SIGHT,SBA04331S,Affinity Group,Universidad Distrital Francisco Jose de Caldas,SIGHT,43,6,Yes,1,,0,2,No,No,,No,No,No,No,No,Not Met,1/3,Not Met
"Universidad Autonoma de Occidente,WIE",SBA29341,Affinity Group,Universidad Autonoma de Occidente,WIE,0,6,No,0,,0,2,No,No,,No,No,No,No,No,Not Met,0/3,Not Met
"Universidad Catolica de Colombia,SIGHT",SBA62201S,Affinity Group,Universidad Catolica de Colombia,SIGHT,0,6,No,0,,0,2,No,No,,No,No,No,No,No,Not Met,0/3,Not Met
"Universidad Catolica de Colombia,WIE",SBA62201,Affinity Group,Universidad Catolica de Colombia,WIE,0,6,No,0,,0,2,No,No,,No,No,No,No,No,Not Met,0/3,Not Met
"Universidad Francisco De Paula Santander,WIE",SBA10591,Affinity Group,Universidad Francisco de Paula Santander,WIE,1,6,No,0,,0,2,No,No,,No,No,No,No,No,Not Met,0/3,Not Met
"Universidad Industrial de Santander, WIE",SBA10511,Affinity Group,Universidad Industrial de Santander,WIE,12,6,Yes,3,,0,2,Yes,No,,No,No,No,No,No,Not Met,2/3,Not Met
"Universidad Nacional Abierta y a Distancia,WIE",SBA13071,Affinity Group,Universidad Nacional Abierta y a Distancia,WIE,8,6,Yes,0,,0,2,No,No,,Yes,Yes,Yes,Yes,Yes,Partial,1/3,Not Met
"Universidad Nacional De Colombia Sede-Bogota,WIE",SBA06431,Affinity Group,Universidad Nacional De Colombia Sede Bogota,WIE,16,6,Yes,1,,0,2,No,No,,No,No,No,No,No,Not Met,1/3,Not Met
"Universidad Piloto de Colombia,WIE",SBA81721,Affinity Group,Universidad Piloto de Colombia,WIE,1,6,No,1,,0,2,No,No,,No,No,No,No,No,Not Met,0/3,Not Met
"Universidad Santiago de Cali,WIE",SBA64461,Affinity Group,Universidad Santiago de Cali,WIE,14,6,Yes,2,,2,2,Yes,Yes,,No,Yes,Yes,Yes,Yes,Partial,2/3,Not Met
"Universidad Santo Tomas - Tunja, SIGHT",SBA04081S,Affinity Group,Universidad Santo Tomas - Tunja,SIGHT,26,6,Yes,0,,0,2,No,No,,No,No,No,No,No,Not Met,1/3,Not Met
"Universidad Santo Tomas - Tunja, WIE",SBA04081,Affinity Group,Universidad Santo Tomas - Tunja,WIE,20,6,Yes,0,,0,2,No,No,,No,No,No,No,No,Not Met,1/3,Not Met
"Universidad Sergio Arboleda,WIE",SBA01201,Affinity Group,Universidad Sergio Arboleda,WIE,0,6,No,0,,0,2,No,No,,No,No,No,No,No,Not Met,0/3,Not Met
"Universidad Surcolombiana, WIE",SBA16735,Affinity Group,Universidad Surcolombiana,WIE,19,6,Yes,0,,1,2,No,Yes,,No,No,No,No,No,Partial,1/3,Not Met
"Universidad Tecnologica de Pereira, WIE",SBA17431,Affinity Group,Universidad Tecnologica de Pereira,WIE,3,6,No,1,,0,2,No,No,,Yes,No,No,No,No,Partial,0/3,Not Met
"Universidad de Narino, WIE",SBA64151,Affinity Group,Universidad de Narino,WIE,0,6,No,0,,0,2,No,No,,No,No,No,No,No,Not Met,0/3,Not Met
"Universidad de San Buenaventura,WIE",SBA62571,Affinity Group,Universidad de San Buenaventura,WIE,0,6,No,0,,0,2,No,No,,No,No,No,No,No,Not Met,0/3,Not Met
"Universidad de los Andes, WIE",SBA12991,Affinity Group,Universidad de los Andes,WIE,41,6,Yes,4,,1,2,Yes,No,,No,Yes,Yes,Yes,Yes,Not Met,2/3,Not Met
"Universidad del Cauca,WIE",SBA09161,Affinity Group,Universidad del Cauca,WIE,36,6,Yes,1,,0,2,No,No,,No,No,No,No,No,Not Met,1/3,Not Met
"Universidad del Quindio,WIE",SBA65911,Affinity Group,Universidad del Quindio,WIE,7,6,Yes,4,,1,2,Yes,No,,No,Yes,No,No,No,Not Met,2/3,Not Met
"Universidad del Valle,WIE",SBA95801,Affinity Group,Universidad del Valle,WIE,32,6,Yes,2,,0,2,Yes,No,,Yes,No,No,No,No,Partial,2/3,Not Met
Antonio Narino University,STB64411A,Student Branch,Antonio Narino University,,48,12,Yes,4,,0,4,Yes,Yes,Yes,,Yes,Yes,Yes,Yes,Met,3/3,Met
Corporacion Universitaria Minuto de Dios UNIMINUTO,STB60103228,Student Branch,Corporacion Universitaria Minuto de Dios UNIMINUTO,,0,12,No,0,,0,4,No,No,No,,No,No,No,No,Not Met,0/3,Not Met
Corporacion Universitaria Unitec,STB18371,Student Branch,Corporacion Universitaria Unitec,,0,12,No,0,,0,4,No,No,No,,No,No,No,No,Not Met,0/3,Not Met
Corporación Universitaria del Huila – CORHUILA,STB60236869,Student Branch,Corporación Universitaria del Huila – CORHUILA,,32,12,Yes,9,,1,4,Yes,Yes,Yes,,Yes,Yes,Yes,Yes,Met,3/3,Met
De La Salle University,STB40010389,Student Branch,De La Salle University,,6,12,No,0,,0,4,No,Yes,Yes,,No,No,No,No,Met,1/3,Not Met
Escuela Colombiana De Ingenieria Julio Garavito,STB27011,Student Branch,Escuela Colombiana De Ingenieria Julio Garavito,,9,12,No,0,,0,4,No,Yes,Yes,,Yes,Yes,No,Yes,Met,1/3,Not Met
Escuela Colombiana de Carreras Industriales,STB05421,Student Branch,Escuela Colombiana de Carreras Industriales,,18,12,Yes,1,,0,4,No,Yes,Yes,,Yes,Yes,Yes,Yes,Met,2/3,Not Met
Escuela De Aviacion Del Ejercito,STB60204105,Student Branch,Escuela De Aviacion Del Ejercito,,0,12,No,0,,0,4,No,No,No,,No,No,No,No,Not Met,0/3,Not Met
Escuela Tecnologica Instituto Tecnico Central,STB13041,Student Branch,Escuela Tecnologica Instituto Tecnico Central,,7,12,No,1,,0,4,No,No,Yes,,No,No,No,No,Partial,0/3,Not Met
Fundacion Universitaria Compensar,STB60222205,Student Branch,Fundacion Universitaria Compensar,,3,12,No,0,,0,4,No,No,No,,No,No,No,No,Not Met,0/3,Not Met
Granada Univ Militar Nueva,STB63981,Student Branch,Granada Univ Militar Nueva,,8,12,No,0,,1,4,No,Yes,Yes,,Yes,Yes,No,No,Met,1/3,Not Met
Icesi University,STB02571,Student Branch,Icesi University,,41,12,Yes,8,,0,4,Yes,Yes,Yes,,Yes,Yes,Yes,Yes,Met,3/3,Met
Institucion Universitaria CESMAG,STB03103,Student Branch,Institucion Universitaria CESMAG,,0,12,No,0,,0,4,No,No,No,,No,No,No,No,Not Met,0/3,Not Met
Instituto Tecnologico Metropolitano,STB12561,Student Branch,Instituto Tecnologico Metropolitano,,1,12,No,0,,0,4,No,No,No,,No,No,No,No,Not Met,0/3,Not Met
Pontificia Univ Javeriana Sede Bogota,STB04591,Student Branch,Pontificia Univ Javeriana Sede Bogota,,47,12,Yes,69,,0,4,Yes,Yes,Yes,,Yes,Yes,Yes,Yes,Met,3/3,Met
Pontificia Universidad Javeriana-Cali,STB60181,Student Branch,Pontificia Universidad Javeriana-Cali,,1,12,No,0,,0,4,No,No,No,,No,No,No,No,Not Met,0/3,Not Met
Servicio Nacional de Aprendizale - Antioquia,STB09881,Student Branch,Servicio Nacional de Aprendizale - Antioquia,,5,12,No,0,,0,4,No,No,No,,No,No,No,No,Not Met,0/3,Not Met
Unidades Tecnologicas de Santander,STB60137284,Student Branch,Unidades Tecnologicas de Santander,,15,12,Yes,0,,0,4,No,Yes,Yes,,No,No,No,No,Met,2/3,Not Met
Univ Cooperativa De Colombia Sede Bogota,STB62391,Student Branch,Univ Cooperativa De Colombia Sede Bogota,,0,12,No,0,,0,4,No,No,No,,No,No,No,No,Not Met,0/3,Not Met
Univ De Ibague - Coruniversitaria,STB62121,Student Branch,Univ De Ibague - Coruniversitaria,,0,12,No,0,,0,4,No,No,No,,No,No,No,No,Not Met,0/3,Not Met
Univ Distrital Francisco Jose de Caldas - Bolivar,STB18011,Student Branch,Univ Distrital Francisco Jose de Caldas - Bolivar,,25,12,Yes,0,,0,4,No,Yes,Yes,,Yes,Yes,Yes,Yes,Met,2/3,Not Met
Univ Pontificia Bolivariana (UPB),STB09021,Student Branch,Univ Pontificia Bolivariana (UPB),,5,12,No,0,,0,4,No,No,No,,No,No,No,No,Not Met,0/3,Not Met
Univ Santo Tomas De Aquino,STB09851,Student Branch,Univ Santo Tomas De Aquino,,1,12,No,0,,0,4,No,No,No,,No,No,No,No,Not Met,0/3,Not Met
Universidad Autonoma de Bucaramanga,STB65361,Student Branch,Universidad Autonoma de Bucaramanga,,0,12,No,0,,0,4,No,No,No,,No,No,No,No,Not Met,0/3,Not Met
Universidad Autonoma de Occidente,STB29341,Student Branch,Universidad Autonoma de Occidente,,1,12,No,0,,0,4,No,No,No,,No,No,No,No,Not Met,0/3,Not Met
Universidad Catolica de Colombia,STB62201,Student Branch,Universidad Catolica de Colombia,,2,12,No,0,,0,4,No,No,No,,No,No,No,No,Not Met,0/3,Not Met
Universidad Central,STB65251,Student Branch,Universidad Central,,11,12,No,1,,2,4,No,Yes,No,,Yes,Yes,Yes,No,Partial,0/3,Not Met
Universidad Distrital Francisco Jose de Caldas,STB04331,Student Branch,Universidad Distrital Francisco Jose de Caldas,,80,12,Yes,4,,6,4,Yes,Yes,Yes,,Yes,Yes,Yes,Yes,Met,3/3,Met
Universidad EAFIT,STB64421,Student Branch,Universidad EAFIT,,4,12,No,0,,0,4,No,No,No,,No,No,No,No,Not Met,0/3,Not Met
Universidad Francisco de Paula Santander,STB10591,Student Branch,Universidad Francisco de Paula Santander,,2,12,No,0,,0,4,No,Yes,Yes,,No,No,No,No,Met,1/3,Not Met
Universidad INCCA de Colombia,STB03411,Student Branch,Universidad INCCA de Colombia,,0,12,No,0,,0,4,No,No,No,,No,No,No,No,Not Met,0/3,Not Met
Universidad Industrial de Santander,STB10511,Student Branch,Universidad Industrial de Santander,,68,12,Yes,10,,5,4,Yes,Yes,Yes,,Yes,Yes,No,Yes,Met,3/3,Met
Universidad Jorge Tadeo Lozano,STB65061A,Student Branch,Universidad Jorge Tadeo Lozano,,20,12,Yes,18,,1,4,Yes,Yes,Yes,,Yes,Yes,Yes,Yes,Met,3/3,Met
Universidad Mariana,STB14023,Student Branch,Universidad Mariana,,0,12,No,0,,0,4,No,No,No,,No,No,No,No,Not Met,0/3,Not Met
Universidad Nacional Abierta y a Distancia,STB13071,Student Branch,Universidad Nacional Abierta y a Distancia,,27,12,Yes,0,,0,4,No,Yes,Yes,,No,Yes,Yes,Yes,Met,2/3,Not Met
Universidad Nacional De Colombia Sede Bogota,STB06431,Student Branch,Universidad Nacional De Colombia Sede Bogota,,43,12,Yes,4,,1,4,Yes,Yes,Yes,,Yes,Yes,Yes,Yes,Met,3/3,Met
Universidad Nacional de Colombia Sede Medellin,STB66021,Student Branch,Universidad Nacional de Colombia Sede Medellin,,10,12,No,0,,0,4,No,No,No,,No,No,No,No,Not Met,0/3,Not Met
Universidad Nacional sede Manizales,STB61301,Student Branch,Universidad Nacional sede Manizales,,7,12,No,2,,0,4,No,Yes,Yes,,No,No,Yes,No,Met,1/3,Not Met
Universidad Pedagogica Nacional,STB08221,Student Branch,Universidad Pedagogica Nacional,,0,12,No,0,,0,4,No,No,No,,No,No,No,No,Not Met,0/3,Not Met
Universidad Pedagogica Y Tec de Colombia,STB60931,Student Branch,Universidad Pedagogica Y Tec de Colombia,,1,12,No,0,,0,4,No,No,No,,No,No,No,No,Not Met,0/3,Not Met
Universidad Piloto de Colombia,STB81721,Student Branch,Universidad Piloto de Colombia,,14,12,Yes,18,,0,4,Yes,Yes,Yes,,Yes,No,Yes,Yes,Met,3/3,Met
Universidad Santiago de Cali,STB64461,Student Branch,Universidad Santiago de Cali,,26,12,Yes,1,,2,4,No,No,Yes,,Yes,Yes,Yes,Yes,Partial,1/3,Not Met
Universidad Santo Tomas - Tunja,STB04081,Student Branch,Universidad Santo Tomas - Tunja,,20,12,Yes,0,,2,4,No,Yes,No,,No,No,No,No,Partial,1/3,Not Met
Universidad Santo Tomas-Bucaramanga,STB60232106,Student Branch,Universidad Santo Tomas-Bucaramanga,,32,12,Yes,1,,1,4,No,Yes,Yes,,Yes,Yes,Yes,Yes,Met,2/3,Not Met
Universidad Sergio Arboleda,STB01201,Student Branch,Universidad Sergio Arboleda,,0,12,No,0,,0,4,No,No,No,,No,No,No,No,Not Met,0/3,Not Met
Universidad Surcolombiana,STB16735,Student Branch,Universidad Surcolombiana,,25,12,Yes,1,,1,4,No,Yes,Yes,,Yes,Yes,Yes,Yes,Met,2/3,Not Met
Universidad Tecnologica de Pereira,STB17431,Student Branch,Universidad Tecnologica de Pereira,,20,12,Yes,1,,0,4,No,Yes,Yes,,No,No,No,No,Met,2/3,Not Met
Universidad de Antioquia,STB14361,Student Branch,Universidad de Antioquia,,6,12,No,3,,0,4,No,Yes,Yes,,Yes,Yes,Yes,Yes,Met,1/3,Not Met
Universidad de Cundinamarca,STB64431,Student Branch,Universidad de Cundinamarca,,0,12,No,0,,0,4,No,No,No,,No,No,No,No,Not Met,0/3,Not Met
Universidad de Investigacion y Desarrollo,STB64635,Student Branch,Universidad de Investigacion y Desarrollo,,0,12,No,0,,0,4,No,No,No,,No,No,No,No,Not Met,0/3,Not Met
Universidad de Medellin,STB07871,Student Branch,Universidad de Medellin,,0,12,No,0,,0,4,No,No,No,,No,No,No,No,Not Met,0/3,Not Met
Universidad de Narino,STB64151,Student Branch,Universidad de Narino,,5,12,No,0,,0,4,No,No,No,,No,No,No,No,Not Met,0/3,Not Met
Universidad de San Buenaventura,STB62571,Student Branch,Universidad de San Buenaventura,,0,12,No,0,,0,4,No,No,No,,No,No,No,No,Not Met,0/3,Not Met
Universidad de San Buenaventura - Cali,STB07901,Student Branch,Universidad de San Buenaventura - Cali,,0,12,No,0,,0,4,No,No,No,,No,No,No,No,Not Met,0/3,Not Met
Universidad de la Sabana,STB66041,Student Branch,Universidad de la Sabana,,31,12,Yes,0,,0,4,No,Yes,No,,Yes,No,No,Yes,Partial,1/3,Not Met
Universidad de los Andes,STB12991,Student Branch,Universidad de los Andes,,132,12,Yes,101,,4,4,Yes,Yes,Yes,,Yes,Yes,Yes,Yes,Met,3/3,Met
Universidad de los Llanos,STB02331,Student Branch,Universidad de los Llanos,,0,12,No,0,,0,4,No,No,No,,No,No,No,No,Not Met,0/3,Not Met
Universidad del Cauca,STB09161,Student Branch,Universidad del Cauca,,53,12,Yes,9,,0,4,Yes,Yes,Yes,,Yes,Yes,Yes,No,Met,3/3,Met
Universidad del Quindio,STB65911,Student Branch,Universidad del Quindio,,9,12,No,4,,0,4,Yes,Yes,Yes,,Yes,No,Yes,No,Met,2/3,Not Met
Universidad del Rosario,STB99411,Student Branch,Universidad del Rosario,,12,12,Yes,2,,1,4,No,Yes,Yes,,No,No,No,No,Met,2/3,Not Met
Universidad del Valle,STB95801,Student Branch,Universidad del Valle,,107,12,Yes,23,,1,4,Yes,Yes,Yes,,Yes,Yes,Yes,Yes,Met,3/3,Met
Universidad el Bosque,STB60951,Student Branch,Universidad El Bosque,,10,12,No,0,,0,4,No,No,Yes,,No,No,No,No,Partial,0/3,Not Met
University of Pamplona,STB41556639,Student Branch,University of Pamplona,,43,12,Yes,0,,0,4,No,No,Yes,,No,No,No,Yes,Partial,1/3,Not Met
University of San Buenaventura,STB03171,Student Branch,University of San Buenaventura,,2,12,No,0,,0,4,No,No,No,,No,No,No,No,Not Met,0/3,Not Met
"Antonio Narino University,COM19",SBC64411D,Student Branch Chapter,Antonio Narino University,COM19,18,6,Yes,0,0,0,2,No,Yes,,Yes,Yes,Yes,Yes,Yes,Met,2/3,Not Met
"Antonio Narino University,EMB18",SBC64411C,Student Branch Chapter,Antonio Narino University,EMB18,12,6,Yes,0,0,0,2,No,Yes,,Yes,Yes,Yes,Yes,Yes,Met,2/3,Not Met
"Antonio Narino University,RA24",SBC64411B,Student Branch Chapter,Antonio Narino University,RA24,25,6,Yes,0,0,0,2,No,Yes,,Yes,Yes,Yes,Yes,Yes,Met,2/3,Not Met
"Antonio Narino University,TEM14",SBC64411A,Student Branch Chapter,Antonio Narino University,TEM14,20,6,Yes,0,0,0,2,No,Yes,,Yes,Yes,Yes,Yes,Yes,Met,2/3,Not Met
"Corporación Universitaria del Huila–CORHUILA,RA24",SBC60236869,Student Branch Chapter,Corporación Universitaria del Huila – CORHUILA,RA24,10,6,Yes,0,0,0,2,No,Yes,,Yes,No,No,No,No,Met,2/3,Not Met
"De La Salle University,AES10",SBC40010389B,Student Branch Chapter,De La Salle University,AES10,0,6,No,0,0,0,2,No,No,,No,No,No,No,Yes,Not Met,0/3,Not Met
"De La Salle University,PE31",SBC40010389A,Student Branch Chapter,De La Salle University,PE31,1,6,No,0,0,0,2,No,Yes,,No,Yes,No,No,Yes,Partial,0/3,Not Met
"De La Salle University,RA24",SBC40010389,Student Branch Chapter,De La Salle University,RA24,2,6,No,0,0,0,2,No,No,,No,No,No,No,No,Not Met,0/3,Not Met
"Escuela Colombiana DeIng Julio Garavito,AES10",SBC27011B,Student Branch Chapter,Escuela Colombiana De Ingenieria Julio Garavito,AES10,1,6,No,0,0,0,2,No,No,,Yes,No,No,No,No,Partial,0/3,Not Met
"Escuela Colombiana de Carreras Industriales, AES10",SBC05421A,Student Branch Chapter,Escuela Colombiana de Carreras Industriales,AES10,3,6,No,0,0,0,2,No,No,,No,No,No,No,No,Not Met,0/3,Not Met
"Escuela Colombiana de Carreras Industriales, COM19",SBC05421B,Student Branch Chapter,Escuela Colombiana de Carreras Industriales,COM19,0,6,No,0,0,0,2,No,No,,No,No,No,No,No,Not Met,0/3,Not Met
"Escuela Colombiana de Carreras Industriales, RA24",SBC05421,Student Branch Chapter,Escuela Colombiana de Carreras Industriales,RA24,12,6,Yes,3,3,0,2,Yes,Yes,,No,Yes,Yes,Yes,Yes,Partial,2/3,Not Met
"Escuela Colombiana de Carreras Industriales,EMB18",SBC05421C,Student Branch Chapter,Escuela Colombiana de Carreras Industriales,EMB18,1,6,No,0,0,0,2,No,No,,No,No,No,No,No,Not Met,0/3,Not Met
"Escuela Colombiana de Ingenieria, PE31",SBC27011A,Student Branch Chapter,Escuela Colombiana De Ingenieria Julio Garavito,PE31,0,6,No,0,0,0,2,No,No,,No,No,No,No,No,Not Met,0/3,Not Met
"Escuela Tecnologica Inst Tecnico Central, C16",SBC13041A,Student Branch Chapter,Escuela Tecnologica Instituto Tecnico Central,C16,1,6,No,0,0,0,2,No,No,,Yes,No,No,No,No,Partial,0/3,Not Met
"Escuela Tecnologica Inst Tecnico Central, RA24",SBC13041B,Student Branch Chapter,Escuela Tecnologica Instituto Tecnico Central,RA24,6,6,Yes,0,0,0,2,No,No,,Yes,No,No,No,No,Partial,1/3,Not Met
"Escuela Tecnologica Inst Tecnico Central,AES10",SBC13041C,Student Branch Chapter,Escuela Tecnologica Instituto Tecnico Central,AES10,1,6,No,0,0,0,2,No,No,,No,No,No,No,No,Not Met,0/3,Not Met
"Escuela Tecnologica Inst Tecnico Central,OE22",SBC13041D,Student Branch Chapter,Escuela Tecnologica Instituto Tecnico Central,OE22,0,6,No,0,0,0,2,No,No,,No,No,No,No,No,Not Met,0/3,Not Met
"Francisco Jose De Caldas Distrital, ED15",SBC0433N,Student Branch Chapter,Universidad Distrital Francisco Jose de Caldas,ED15,15,6,Yes,0,0,0,2,No,No,,No,No,No,No,No,Not Met,1/3,Not Met
"Francisco Jose De Caldas Distrital, IA34",SBC0433J,Student Branch Chapter,Universidad Distrital Francisco Jose de Caldas,IA34,15,6,Yes,0,0,0,2,No,No,,Yes,No,No,No,No,Partial,1/3,Not Met
"Francisco Jose De Caldas Distrital, RA24",SBC0433I,Student Branch Chapter,Universidad Distrital Francisco Jose de Caldas,RA24,33,6,Yes,6,1,4,2,No,Yes,,No,Yes,Yes,Yes,Yes,Partial,1/3,Not Met
"Francisco Jose De Caldas Distrital, TEM14",SBC0433M,Student Branch Chapter,Universidad Distrital Francisco Jose de Caldas,TEM14,0,6,No,0,0,0,2,No,No,,No,No,No,No,No,Not Met,0/3,Not Met
"Francisco Jose De Caldas Distrital,E25",SBC0433O,Student Branch Chapter,Universidad Distrital Francisco Jose de Caldas,E25,6,6,Yes,0,0,0,2,No,No,,No,No,No,No,No,Not Met,1/3,Not Met
"Francisco de Paula Santander,C16",SBC1051A,Student Branch Chapter,Universidad Industrial de Santander,C16,20,6,Yes,0,0,0,2,No,No,,No,No,No,No,No,Not Met,1/3,Not Met
"Francisco de Paula Santander,CS23",SBC1051B,Student Branch Chapter,Universidad Industrial de Santander,CS23,6,6,Yes,0,0,0,2,No,No,,No,No,No,No,No,Not Met,1/3,Not Met
"Granada Univ Militar Nueva, AP03",SBC63981E,Student Branch Chapter,Granada Univ Militar Nueva,AP03,0,6,No,0,0,0,2,No,No,,No,No,No,No,No,Not Met,0/3,Not Met
"Granada Univ Militar Nueva, C16",SBC6398A,Student Branch Chapter,Granada Univ Militar Nueva,C16,0,6,No,0,0,0,2,No,No,,No,No,No,No,No,Not Met,0/3,Not Met
"Granada Univ Militar Nueva, COM19",SBC63981,Student Branch Chapter,Granada Univ Militar Nueva,COM19,0,6,No,0,0,0,2,No,No,,No,No,No,No,No,Not Met,0/3,Not Met
"Granada Univ Militar Nueva, CS23",SBC63981C,Student Branch Chapter,Granada Univ Militar Nueva,CS23,0,6,No,0,0,0,2,No,No,,No,No,No,No,No,Not Met,0/3,Not Met
"Granada Univ Militar Nueva, IA34",SBC6398C,Student Branch Chapter,Granada Univ Militar Nueva,IA34,0,6,No,0,0,0,2,No,No,,No,No,No,No,No,Not Met,0/3,Not Met
"Granada Univ Militar Nueva, RA24",SBC6398B,Student Branch Chapter,Granada Univ Militar Nueva,RA24,0,6,No,0,0,0,2,No,No,,No,No,No,No,No,Not Met,0/3,Not Met
"Granada Univ Militar Nueva, TEM14",SBC6398E,Student Branch Chapter,Granada Univ Militar Nueva,TEM14,0,6,No,0,0,0,2,No,No,,No,No,No,No,No,Not Met,0/3,Not Met
"Granada Univ Militar Nueva,AES10",SBC63981F,Student Branch Chapter,Granada Univ Militar Nueva,AES10,0,6,No,0,0,0,2,No,No,,No,No,No,No,No,Not Met,0/3,Not Met
"Granada Univ Militar Nueva,VT06",SBC63981D,Student Branch Chapter,Granada Univ Militar Nueva,VT06,1,6,No,0,0,0,2,No,No,,No,No,No,No,No,Not Met,0/3,Not Met
Icesi University COM19,SBC02571A,Student Branch Chapter,Icesi University,COM19,10,6,Yes,4,3,0,2,Yes,Yes,,No,No,No,No,No,Partial,2/3,Not Met
"Icesi University,C16",SBC02571B,Student Branch Chapter,Icesi University,C16,11,6,Yes,7,6,0,2,Yes,Yes,,Yes,No,No,No,No,Met,3/3,Met
"Icesi University,CIS11",SBC02571C,Student Branch Chapter,Icesi University,CIS11,9,6,Yes,0,0,0,2,No,Yes,,Yes,No,No,No,No,Met,2/3,Not Met
"Institucion Universitaria CESMAG,PE31",SBC03103A,Student Branch Chapter,Institucion Universitaria CESMAG,PE31,0,6,No,0,0,0,2,No,No,,No,No,No,No,No,Not Met,0/3,Not Met
"Institucion Universitaria CESMAG,RA24",SBC03103,Student Branch Chapter,Institucion Universitaria CESMAG,RA24,0,6,No,0,0,0,2,No,No,,No,No,No,No,No,Not Met,0/3,Not Met
"Los Llanos Univ De, IA34",SBC02331,Student Branch Chapter,Universidad de los Llanos,IA34,0,6,No,0,0,0,2,No,No,,No,No,No,No,No,Not Met,0/3,Not Met
"Pontificia Univ Javeriana Sede Bogota, PE31",SBC04591H,Student Branch Chapter,Pontificia Univ Javeriana Sede Bogota,PE31,2,6,No,0,0,0,2,No,No,,No,No,No,No,No,Not Met,0/3,Not Met
"Pontificia Univ Javeriana Sede Bogota,AES10",SBC04591F,Student Branch Chapter,Pontificia Univ Javeriana Sede Bogota,AES10,4,6,No,2,2,2,2,Yes,Yes,,No,Yes,Yes,No,No,Partial,1/3,Not Met
"Pontificia Univ Javeriana Sede Bogota,C16",SBC04591C,Student Branch Chapter,Pontificia Univ Javeriana Sede Bogota,C16,8,6,Yes,6,3,0,2,Yes,Yes,,No,Yes,Yes,Yes,Yes,Partial,2/3,Not Met
"Pontificia Univ Javeriana Sede Bogota,CS23",SBC04591A,Student Branch Chapter,Pontificia Univ Javeriana Sede Bogota,CS23,1,6,No,0,0,0,2,No,No,,No,No,No,No,No,Not Met,0/3,Not Met
"Pontificia Univ Javeriana Sede Bogota,ED15",SBC04591E,Student Branch Chapter,Pontificia Univ Javeriana Sede Bogota,ED15,7,6,Yes,2,1,0,2,No,Yes,,Yes,Yes,Yes,Yes,Yes,Met,2/3,Not Met
"Pontificia Univ Javeriana Sede Bogota,EMB18",SBC04591D,Student Branch Chapter,Pontificia Univ Javeriana Sede Bogota,EMB18,8,6,Yes,25,12,0,2,Yes,Yes,,Yes,Yes,Yes,Yes,Yes,Met,3/3,Met
"Pontificia Univ Javeriana Sede Bogota,IA34",SBC04591B,Student Branch Chapter,Pontificia Univ Javeriana Sede Bogota,IA34,0,6,No,0,0,0,2,No,No,,No,No,No,No,No,Not Met,0/3,Not Met
"Pontificia Univ Javeriana Sede Bogota,PE31",SBC04591K,Student Branch Chapter,Pontificia Univ Javeriana Sede Bogota,PE31,2,6,No,0,0,0,2,No,No,,No,No,No,No,No,Not Met,0/3,Not Met
"Pontificia Univ Javeriana Sede Bogota,PHO36",SBC04591J,Student Branch Chapter,Pontificia Univ Javeriana Sede Bogota,PHO36,3,6,No,3,2,0,2,Yes,No,,Yes,No,Yes,No,Yes,Partial,1/3,Not Met
"Pontificia Univ Javeriana Sede Bogota,RA24",SBC04591G,Student Branch Chapter,Pontificia Univ Javeriana Sede Bogota,RA24,10,6,Yes,34,13,0,2,Yes,Yes,,Yes,Yes,Yes,Yes,Yes,Met,3/3,Met
"Pontificia Univ Javeriana Sede Bogota,SP01",SBC04591I,Student Branch Chapter,Pontificia Univ Javeriana Sede Bogota,SP01,0,6,No,2,0,1,2,No,No,,No,No,No,No,No,Not Met,0/3,Not Met
"Uni Nac de Colombia Sede Bogota,EMC27/NANO42/SEN39",SBC06431H,Student Branch Chapter,Universidad Nacional De Colombia Sede Bogota,EMC27/NANO42/SEN39,4,6,No,0,0,0,2,No,No,,No,No,No,No,No,Not Met,0/3,Not Met
"Univ De Ibague - Coruniversitaria,IA34",SBC62121A,Student Branch Chapter,Univ De Ibague - Coruniversitaria,IA34,0,6,No,0,0,0,2,No,No,,No,No,No,No,No,Not Met,0/3,Not Met
"Univ Dist Francisco Jose de Caldas - Bolivar, RA24",SBC18011A,Student Branch Chapter,Univ Distrital Francisco Jose de Caldas - Bolivar,RA24,4,6,No,0,0,0,2,No,Yes,,No,Yes,No,Yes,No,Partial,0/3,Not Met
"Univ Dist Francisco Jose de Caldas - Bolivar,C16",SBC18011C,Student Branch Chapter,Univ Distrital Francisco Jose de Caldas - Bolivar,C16,3,6,No,0,0,0,2,No,No,,No,No,No,No,No,Not Met,0/3,Not Met
"Univ Dist Francisco Jose de Caldas - Bolivar,COM19",SBC18011B,Student Branch Chapter,Univ Distrital Francisco Jose de Caldas - Bolivar,COM19,22,6,Yes,0,0,0,2,No,No,,No,No,No,No,No,Not Met,1/3,Not Met
"Univ Dist Francisco Jose de Caldas Fac Tec, PE31",SBC18011,Student Branch Chapter,Univ Distrital Francisco Jose de Caldas - Bolivar,PE31,1,6,No,0,0,0,2,No,No,,No,No,No,No,No,Not Met,0/3,Not Met
"Univ Distrital Francisco Jose De Caldas, AES10",SBC0433K,Student Branch Chapter,Universidad Distrital Francisco Jose de Caldas,AES10,2,6,No,0,0,0,2,No,No,,No,No,No,No,No,Not Met,0/3,Not Met
"Univ Distrital Francisco Jose De Caldas, CAS04",SBC0433D,Student Branch Chapter,Universidad Distrital Francisco Jose de Caldas,CAS04,24,6,Yes,0,0,2,2,No,Yes,,No,No,No,No,No,Partial,1/3,Not Met
"Univ Distrital Francisco Jose De Caldas, CS23",SBC0433C,Student Branch Chapter,Universidad Distrital Francisco Jose de Caldas,CS23,4,6,No,1,0,0,2,No,No,,No,No,No,No,No,Not Met,0/3,Not Met
"Univ Distrital Francisco Jose De Caldas, PEL35",SBC0433L,Student Branch Chapter,Universidad Distrital Francisco Jose de Caldas,PEL35,12,6,Yes,12,4,2,2,Yes,Yes,,Yes,Yes,Yes,Yes,Yes,Met,3/3,Met
"Univ Distrital Francisco Jose De Caldas, SP01",SBC0433A,Student Branch Chapter,Universidad Distrital Francisco Jose de Caldas,SP01,0,6,No,0,0,0,2,No,No,,No,No,No,No,No,Not Met,0/3,Not Met
"Univ Distrital Francisco Jose De Caldas,C16",SBC04331,Student Branch Chapter,Universidad Distrital Francisco Jose de Caldas,C16,13,6,Yes,0,0,0,2,No,No,,No,No,No,No,No,Not Met,1/3,Not Met
"Univ Distrital Francisco Jose De Caldas,COM19",SBC0433B,Student Branch Chapter,Universidad Distrital Francisco Jose de Caldas,COM19,15,6,Yes,0,0,0,2,No,No,,No,No,No,No,No,Not Met,1/3,Not Met
"Univ Distrital Francisco Jose De Caldas,EMB18",SBC0433F,Student Branch Chapter,Universidad Distrital Francisco Jose de Caldas,EMB18,13,6,Yes,1,0,0,2,No,Yes,,No,Yes,No,No,No,Partial,1/3,Not Met
"Univ Distrital Francisco Jose de Caldas, GRS29",SBC0433E,Student Branch Chapter,Universidad Distrital Francisco Jose de Caldas,GRS29,9,6,Yes,0,0,0,2,No,Yes,,Yes,Yes,Yes,Yes,Yes,Met,2/3,Not Met
"Univ Distrital Francisco Jose de Caldas, PE31",SBC0433H,Student Branch Chapter,Universidad Distrital Francisco Jose de Caldas,PE31,16,6,Yes,0,0,0,2,No,Yes,,Yes,Yes,No,No,No,Met,2/3,Not Met
"Univ El Bosque, COM19",SBC60951,Student Branch Chapter,Universidad El Bosque,COM19,0,6,No,0,0,0,2,No,No,,No,No,No,No,No,Not Met,0/3,Not Met
"Univ El Bosque, IA34",SBC60951G,Student Branch Chapter,Universidad El Bosque,IA34,0,6,No,0,0,0,2,No,No,,No,No,No,No,No,Not Met,0/3,Not Met
"Univ El Bosque, SIT30",SBC60951F,Student Branch Chapter,Universidad El Bosque,SIT30,2,6,No,0,0,0,2,No,No,,No,No,No,No,No,Not Met,0/3,Not Met
"Univ Nacional Sede Manizales, PE31",SBC61301A,Student Branch Chapter,Universidad Nacional sede Manizales,PE31,0,6,No,0,0,0,2,No,No,,No,No,No,No,No,Not Met,0/3,Not Met
"Univ Nacional Sede Manizales,ED15",SBC61301B,Student Branch Chapter,Universidad Nacional sede Manizales,ED15,0,6,No,0,0,0,2,No,No,,No,No,No,No,No,Not Met,0/3,Not Met
"Univ Pontificia Bolivariana (UPB),COM19",SBC090211,Student Branch Chapter,Univ Pontificia Bolivariana (UPB),COM19,0,6,No,0,0,0,2,No,No,,No,No,No,No,No,Not Met,0/3,Not Met
"Univ Santo Tomas De Aquino,C16",SBC0985A,Student Branch Chapter,Univ Santo Tomas De Aquino,C16,0,6,No,0,0,0,2,No,No,,No,No,No,No,No,Not Met,0/3,Not Met
"Univ Santo Tomas De Aquino,COM19",SBC09851,Student Branch Chapter,Univ Santo Tomas De Aquino,COM19,0,6,No,0,0,0,2,No,No,,No,No,No,No,No,Not Met,0/3,Not Met
"Univ Santo Tomas De Aquino,PE31",SBC09851B,Student Branch Chapter,Univ Santo Tomas De Aquino,PE31,0,6,No,0,0,0,2,No,No,,No,No,No,No,No,Not Met,0/3,Not Met
"Univ Santo Tomas De Aquino,RA24",SBC0985B,Student Branch Chapter,Univ Santo Tomas De Aquino,RA24,1,6,No,0,0,0,2,No,No,,No,No,No,No,No,Not Met,0/3,Not Met
"Univ Santo Tomas De Aquino,SP01",SBC09851A,Student Branch Chapter,Univ Santo Tomas De Aquino,SP01,0,6,No,0,0,0,2,No,No,,No,No,No,No,No,Not Met,0/3,Not Met
"Univ Tecnologica de Pereira,CS23/SEN39/CSC41",SBC17431B,Student Branch Chapter,Universidad Tecnologica de Pereira,CS23/SEN39/CSC41,1,6,No,0,0,0,2,No,No,,No,No,No,No,No,Not Met,0/3,Not Met
"Universidad Autonoma de Bucaramanga,EMB18",SBC65361,Student Branch Chapter,Universidad Autonoma de Bucaramanga,EMB18,0,6,No,0,0,0,2,No,No,,No,No,No,No,No,Not Met,0/3,Not Met
"Universidad Autonoma de Campeche,IA34",SBC65681,Student Branch Chapter,Universidad del Quindio,IA34,0,6,No,0,0,0,2,No,No,,No,No,No,No,No,Not Met,0/3,Not Met
"Universidad Catolica de Colombia,C16",SBC62201A,Student Branch Chapter,Universidad Catolica de Colombia,C16,0,6,No,0,0,0,2,No,No,,No,No,No,No,No,Not Met,0/3,Not Met
"Universidad Catolica de Colombia,COM19",SBC62201,Student Branch Chapter,Universidad Catolica de Colombia,COM19,0,6,No,0,0,0,2,No,No,,No,No,No,No,No,Not Met,0/3,Not Met
"Universidad Catolica de Colombia,ED15/NANO42",SBC62201B,Student Branch Chapter,Universidad Catolica de Colombia,ED15/NANO42,0,6,No,0,0,0,2,No,No,,No,No,No,No,No,Not Met,0/3,Not Met
"Universidad Catolica de Colombia,PHO36",SBC62201C,Student Branch Chapter,Universidad Catolica de Colombia,PHO36,0,6,No,0,0,0,2,No,No,,No,No,No,No,No,Not Met,0/3,Not Met
"Universidad El Bosque, PE31",SBC60951D,Student Branch Chapter,Universidad El Bosque,PE31,0,6,No,0,0,0,2,No,No,,No,No,No,No,No,Not Met,0/3,Not Met
"Universidad Francisco de Paula Santander,COM19",SBC10591A,Student Branch Chapter,Universidad Francisco de Paula Santander,COM19,0,6,No,0,0,0,2,No,No,,No,No,No,No,No,Not Met,0/3,Not Met
"Universidad Francisco de Paula Santander,PE31",SBC10591B,Student Branch Chapter,Universidad Francisco de Paula Santander,PE31,1,6,No,0,0,0,2,No,No,,No,No,No,No,No,Not Met,0/3,Not Met
"Universidad Francisco de Paula Santander,RA24",SBC10591C,Student Branch Chapter,Universidad Francisco de Paula Santander,RA24,0,6,No,0,0,0,2,No,No,,No,No,No,No,No,Not Met,0/3,Not Met
"Universidad Francisco de Paula Santander,SP01",SBC10591D,Student Branch Chapter,Universidad Francisco de Paula Santander,SP01,0,6,No,0,0,0,2,No,No,,No,No,No,No,No,Not Met,0/3,Not Met
"Universidad Incca de Colombia, RA24",SBC034111,Student Branch Chapter,Universidad INCCA de Colombia,RA24,0,6,No,0,0,0,2,No,No,,No,No,No,No,No,Not Met,0/3,Not Met
"Universidad Industrial de Santander,AES10",SBC10511E,Student Branch Chapter,Universidad Industrial de Santander,AES10,0,6,No,0,0,0,2,No,No,,No,No,No,No,No,Not Met,0/3,Not Met
"Universidad Industrial de Santander,C16",SBC10511I,Student Branch Chapter,Universidad Industrial de Santander,C16,20,6,Yes,7,2,1,2,Yes,Yes,,Yes,Yes,Yes,Yes,Yes,Met,3/3,Met
"Universidad Industrial de Santander,CS23",SBC10511H,Student Branch Chapter,Universidad Industrial de Santander,CS23,6,6,Yes,0,0,2,2,No,Yes,,Yes,No,No,No,No,Met,2/3,Not Met
"Universidad Industrial de Santander,E25",SBC10511J,Student Branch Chapter,Universidad Industrial de Santander,E25,10,6,Yes,6,4,4,2,Yes,Yes,,Yes,Yes,Yes,Yes,Yes,Met,3/3,Met
"Universidad Industrial de Santander,ED15",SBC10511D,Student Branch Chapter,Universidad Industrial de Santander,ED15,20,6,Yes,0,0,0,2,No,No,,No,No,No,No,No,Not Met,1/3,Not Met
"Universidad Industrial de Santander,EMB18",SBC10511C,Student Branch Chapter,Universidad Industrial de Santander,EMB18,15,6,Yes,1,0,0,2,No,Yes,,Yes,Yes,Yes,Yes,Yes,Met,2/3,Not Met
"Universidad Industrial de Santander,PE31",SBC1015A,Student Branch Chapter,Universidad Industrial de Santander,PE31,6,6,Yes,11,4,0,2,Yes,Yes,,Yes,Yes,No,Yes,Yes,Met,3/3,Met
"Universidad Industrial de Santander,RA24",SBC10511G,Student Branch Chapter,Universidad Industrial de Santander,RA24,6,6,Yes,1,1,3,2,No,Yes,,Yes,Yes,Yes,Yes,Yes,Met,2/3,Not Met
"Universidad Industrial de Santander,SP01",SBC10511,Student Branch Chapter,Universidad Industrial de Santander,SP01,8,6,Yes,0,0,0,2,No,No,,No,No,No,No,No,Not Met,1/3,Not Met
"Universidad Industrial de Santander,SSC37",SBC10511F,Student Branch Chapter,Universidad Industrial de Santander,SSC37,11,6,Yes,3,3,0,2,Yes,Yes,,Yes,No,No,Yes,Yes,Met,3/3,Met
"Universidad Nacional Abierta y a Distancia,AES10",SBC13071A,Student Branch Chapter,Universidad Nacional Abierta y a Distancia,AES10,7,6,Yes,0,0,0,2,No,Yes,,Yes,Yes,Yes,Yes,Yes,Met,2/3,Not Met
"Universidad Nacional Abierta y a Distancia,C16",SBC13071,Student Branch Chapter,Universidad Nacional Abierta y a Distancia,C16,9,6,Yes,0,0,0,2,No,Yes,,Yes,Yes,Yes,No,Yes,Met,2/3,Not Met
"Universidad Nacional De Colombia Sede Bogota,AES10",SBC06431I,Student Branch Chapter,Universidad Nacional De Colombia Sede Bogota,AES10,2,6,No,0,0,0,2,No,No,,No,No,No,No,No,Not Met,0/3,Not Met
"Universidad Nacional De Colombia Sede Bogota,AP03",SBC06431G,Student Branch Chapter,Universidad Nacional De Colombia Sede Bogota,AP03,15,6,Yes,3,2,4,2,Yes,Yes,,Yes,Yes,Yes,Yes,No,Met,3/3,Met
"Universidad Nacional De Colombia Sede Bogota,C16",SBC06431F,Student Branch Chapter,Universidad Nacional De Colombia Sede Bogota,C16,2,6,No,6,2,0,2,Yes,Yes,,Yes,No,No,No,Yes,Met,2/3,Not Met
"Universidad Nacional De Colombia Sede Bogota,CAS04",SBC06431A,Student Branch Chapter,Universidad Nacional De Colombia Sede Bogota,CAS04,8,6,Yes,1,0,1,2,No,Yes,,Yes,Yes,Yes,Yes,Yes,Met,2/3,Not Met
"Universidad Nacional De Colombia Sede Bogota,COM19",SBC06431C,Student Branch Chapter,Universidad Nacional De Colombia Sede Bogota,COM19,2,6,No,0,0,0,2,No,No,,No,No,No,No,No,Not Met,0/3,Not Met
"Universidad Nacional De Colombia Sede Bogota,ED15",SBC06431J,Student Branch Chapter,Universidad Nacional De Colombia Sede Bogota,ED15,4,6,No,1,0,0,2,No,Yes,,No,No,No,No,No,Partial,0/3,Not Met
"Universidad Nacional De Colombia Sede Bogota,EMB18",SBC06431E,Student Branch Chapter,Universidad Nacional De Colombia Sede Bogota,EMB18,5,6,No,2,0,0,2,No,Yes,,No,Yes,No,No,Yes,Partial,0/3,Not Met
"Universidad Nacional De Colombia Sede Bogota,IA34",SBC06431B,Student Branch Chapter,Universidad Nacional De Colombia Sede Bogota,IA34,1,6,No,0,0,0,2,No,No,,No,No,No,No,No,Not Met,0/3,Not Met
"Universidad Nacional De Colombia Sede Bogota,PE31",SBC064311,Student Branch Chapter,Universidad Nacional De Colombia Sede Bogota,PE31,5,6,No,1,0,0,2,No,Yes,,Yes,No,Yes,No,Yes,Met,1/3,Not Met
"Universidad Nacional De Colombia Sede Bogota,RA24",SBC06431D,Student Branch Chapter,Universidad Nacional De Colombia Sede Bogota,RA24,9,6,Yes,4,1,0,2,No,Yes,,Yes,Yes,Yes,Yes,Yes,Met,2/3,Not Met
"Universidad Nacional De Colombia Sede Bogota,TEM14",SBC06431K,Student Branch Chapter,Universidad Nacional De Colombia Sede Bogota,TEM14,5,6,No,4,0,0,2,No,Yes,,Yes,Yes,Yes,Yes,Yes,Met,1/3,Not Met
"Universidad Nacional sede Manizales,IA34",SBC61301,Student Branch Chapter,Universidad Nacional sede Manizales,IA34,7,6,Yes,2,0,0,2,No,Yes,,Yes,Yes,Yes,Yes,No,Met,2/3,Not Met
"Universidad Pedagogica Nacional, E25",SBC08221,Student Branch Chapter,Universidad Pedagogica Nacional,E25,0,6,No,0,0,0,2,No,No,,No,No,No,No,No,Not Met,0/3,Not Met
"Universidad Santiago de Cali,C16",SBC64461,Student Branch Chapter,Universidad Santiago de Cali,C16,7,6,Yes,2,2,1,2,Yes,Yes,,No,No,Yes,No,No,Partial,2/3,Not Met
"Universidad Santiago de Cali,EMB18",SBC64461B,Student Branch Chapter,Universidad Santiago de Cali,EMB18,8,6,Yes,1,1,1,2,No,Yes,,Yes,Yes,Yes,Yes,Yes,Met,2/3,Not Met
"Universidad Santiago de Cali,RA24",SBC64461A,Student Branch Chapter,Universidad Santiago de Cali,RA24,8,6,Yes,3,2,1,2,Yes,Yes,,Yes,Yes,No,Yes,Yes,Met,3/3,Met
"Universidad Santiago de Cali,SP01",SBC64461C,Student Branch Chapter,Universidad Santiago de Cali,SP01,6,6,Yes,1,1,0,2,No,No,,No,No,No,No,No,Not Met,1/3,Not Met
"Universidad Santo Tomas - Tunja, AES10",SBC04081C,Student Branch Chapter,Universidad Santo Tomas - Tunja,AES10,6,6,Yes,1,1,2,2,No,Yes,,No,No,No,No,No,Partial,1/3,Not Met
"Universidad Santo Tomas - Tunja, ED15",SBC04081A,Student Branch Chapter,Universidad Santo Tomas - Tunja,ED15,7,6,Yes,0,0,0,2,No,No,,No,No,No,No,No,Not Met,1/3,Not Met
"Universidad Santo Tomas - Tunja, RA24",SBC04081B,Student Branch Chapter,Universidad Santo Tomas - Tunja,RA24,8,6,Yes,0,0,0,2,No,Yes,,Yes,No,No,No,No,Met,2/3,Not Met
"Universidad Santo Tomas-Bucaramanga,COM19",SBC60232106A,Student Branch Chapter,Universidad Santo Tomas-Bucaramanga,COM19,14,6,Yes,1,0,1,2,No,Yes,,Yes,Yes,Yes,No,No,Met,2/3,Not Met
"Universidad Santo Tomas-Bucaramanga,RA24",SBC60232106,Student Branch Chapter,Universidad Santo Tomas-Bucaramanga,RA24,16,6,Yes,1,0,1,2,No,Yes,,Yes,Yes,Yes,Yes,No,Met,2/3,Not Met
"Universidad Sergio Arboleda,EMB18/RA24",SBC01201,Student Branch Chapter,Universidad Sergio Arboleda,EMB18/RA24,0,6,No,0,0,0,2,No,No,,No,No,No,No,No,Not Met,0/3,Not Met
"Universidad Surcolombiana, CS23",SBC16735A,Student Branch Chapter,Universidad Surcolombiana,CS23,0,6,No,0,0,0,2,No,No,,No,No,No,No,No,Not Met,0/3,Not Met
"Universidad Surcolombiana, RA24",SBC16735,Student Branch Chapter,Universidad Surcolombiana,RA24,8,6,Yes,10,10,1,2,Yes,Yes,,No,Yes,Yes,Yes,Yes,Partial,2/3,Not Met
"Universidad Surcolombiana,PE31",SBC16735B,Student Branch Chapter,Universidad Surcolombiana,PE31,16,6,Yes,1,0,11,2,No,Yes,,Yes,Yes,Yes,Yes,Yes,Met,2/3,Not Met
"Universidad Tecnologica de Pereira, PE31",SBC17431,Student Branch Chapter,Universidad Tecnologica de Pereira,PE31,2,6,No,0,0,0,2,No,No,,No,No,No,No,No,Not Met,0/3,Not Met
"Universidad Tecnologica de Pereira, PEL35",SBC17431A,Student Branch Chapter,Universidad Tecnologica de Pereira,PEL35,5,6,No,0,0,0,2,No,No,,No,No,No,No,No,Not Met,0/3,Not Met
"Universidad Tecnologica de Pereira,AES10",SBC17431E,Student Branch Chapter,Universidad Tecnologica de Pereira,AES10,0,6,No,0,0,0,2,No,No,,No,No,No,No,No,Not Met,0/3,Not Met
"Universidad Tecnologica de Pereira,CAS04",SBC17431F,Student Branch Chapter,Universidad Tecnologica de Pereira,CAS04,11,6,Yes,2,2,0,2,Yes,Yes,,Yes,Yes,Yes,Yes,No,Met,3/3,Met
"Universidad Tecnologica de Pereira,IA34",SBC17431C,Student Branch Chapter,Universidad Tecnologica de Pereira,IA34,0,6,No,0,0,0,2,No,No,,No,No,No,No,No,Not Met,0/3,Not Met
"Universidad Tecnologica de Pereira,RA24",SBC17431D,Student Branch Chapter,Universidad Tecnologica de Pereira,RA24,1,6,No,0,0,0,2,No,No,,No,No,No,No,No,Not Met,0/3,Not Met
"Universidad de Antioquia, PE31",SBC14361A,Student Branch Chapter,Universidad de Antioquia,PE31,0,6,No,0,0,0,2,No,No,,No,No,No,No,No,Not Met,0/3,Not Met
"Universidad de Narino, CIS11",SBC64151,Student Branch Chapter,Universidad de Narino,CIS11,0,6,No,0,0,0,2,No,No,,No,No,No,No,No,Not Met,0/3,Not Met
"Universidad de Narino, RA24",SBC64151B,Student Branch Chapter,Universidad de Narino,RA24,2,6,No,0,0,0,2,No,No,,No,No,No,No,No,Not Met,0/3,Not Met
"Universidad de Narino,PE31",SBC64151A,Student Branch Chapter,Universidad de Narino,PE31,0,6,No,0,0,0,2,No,No,,No,No,No,No,No,Not Met,0/3,Not Met
"Universidad de San Buenaventura - Cali,C16",SBC07901A,Student Branch Chapter,Universidad de San Buenaventura - Cali,C16,0,6,No,0,0,0,2,No,No,,No,No,No,No,No,Not Met,0/3,Not Met
"Universidad de San Buenaventura - Cali,ED15",SBC07901B,Student Branch Chapter,Universidad de San Buenaventura - Cali,ED15,0,6,No,0,0,0,2,No,No,,No,No,No,No,No,Not Met,0/3,Not Met
"Universidad de San Buenaventura,COM19",SBC62571,Student Branch Chapter,Universidad de San Buenaventura,COM19,0,6,No,0,0,0,2,No,No,,No,No,No,No,No,Not Met,0/3,Not Met
"Universidad de San Buenaventura,CS23",SBC62571F,Student Branch Chapter,Universidad de San Buenaventura,CS23,0,6,No,0,0,0,2,No,No,,No,No,No,No,No,Not Met,0/3,Not Met
"Universidad de San Buenaventura,CT08",SBC62571A,Student Branch Chapter,Universidad de San Buenaventura,CT08,0,6,No,0,0,0,2,No,No,,No,No,No,No,No,Not Met,0/3,Not Met
"Universidad de San Buenaventura,ED15",SBC62571E,Student Branch Chapter,Universidad de San Buenaventura,ED15,0,6,No,0,0,0,2,No,No,,No,No,No,No,No,Not Met,0/3,Not Met
"Universidad de San Buenaventura,EMB18",SBC6257D,Student Branch Chapter,Universidad de San Buenaventura,EMB18,0,6,No,0,0,0,2,No,No,,No,No,No,No,No,Not Met,0/3,Not Met
"Universidad de San Buenaventura,IA34",SBC6257C,Student Branch Chapter,Universidad de San Buenaventura,IA34,0,6,No,0,0,0,2,No,No,,No,No,No,No,No,Not Met,0/3,Not Met
"Universidad de San Buenaventura,PE31",SBC6257A,Student Branch Chapter,Universidad de San Buenaventura,PE31,0,6,No,0,0,0,2,No,No,,No,No,No,No,No,Not Met,0/3,Not Met
"Universidad de San Buenaventura,RA24",SBC6257B,Student Branch Chapter,Universidad de San Buenaventura,RA24,0,6,No,0,0,0,2,No,No,,No,No,No,No,No,Not Met,0/3,Not Met
"Universidad de San Buenaventura,SMC28",SBC62571D,Student Branch Chapter,Universidad de San Buenaventura,SMC28,0,6,No,0,0,0,2,No,No,,No,No,No,No,No,Not Met,0/3,Not Met
"Universidad de la Sabana, C16",SBC66041A,Student Branch Chapter,Universidad de la Sabana,C16,3,6,No,0,0,0,2,No,Yes,,No,No,No,No,No,Partial,0/3,Not Met
"Universidad de la Sabana, RA24",SBC66041B,Student Branch Chapter,Universidad de la Sabana,RA24,7,6,Yes,0,0,0,2,No,No,,No,No,No,No,No,Not Met,1/3,Not Met
"Universidad de los Andes,AES10",SBC12991K,Student Branch Chapter,Universidad de los Andes,AES10,2,6,No,2,0,0,2,No,Yes,,Yes,No,No,No,No,Met,1/3,Not Met
"Universidad de los Andes,C16",SBC12991H,Student Branch Chapter,Universidad de los Andes,C16,23,6,Yes,4,1,1,2,No,Yes,,Yes,Yes,Yes,Yes,Yes,Met,2/3,Not Met
"Universidad de los Andes,CAS04",SBC12991C,Student Branch Chapter,Universidad de los Andes,CAS04,13,6,Yes,12,5,1,2,Yes,Yes,,Yes,Yes,Yes,Yes,Yes,Met,3/3,Met
"Universidad de los Andes,CIS11",SBC12991E,Student Branch Chapter,Universidad de los Andes,CIS11,11,6,Yes,4,0,0,2,No,Yes,,Yes,Yes,Yes,Yes,Yes,Met,2/3,Not Met
"Universidad de los Andes,COM19",SBC12991B,Student Branch Chapter,Universidad de los Andes,COM19,13,6,Yes,5,2,1,2,Yes,Yes,,No,No,Yes,No,Yes,Partial,2/3,Not Met
"Universidad de los Andes,CS23",SBC12991A,Student Branch Chapter,Universidad de los Andes,CS23,6,6,Yes,4,2,0,2,Yes,Yes,,Yes,Yes,Yes,No,Yes,Met,3/3,Met
"Universidad de los Andes,E25",SBC12991M,Student Branch Chapter,Universidad de los Andes,E25,17,6,Yes,28,3,0,2,Yes,Yes,,Yes,Yes,No,Yes,No,Met,3/3,Met
"Universidad de los Andes,ED15",SBC12991J,Student Branch Chapter,Universidad de los Andes,ED15,16,6,Yes,1,0,0,2,No,Yes,,No,No,No,No,No,Partial,1/3,Not Met
"Universidad de los Andes,EMB18",SBC12991L,Student Branch Chapter,Universidad de los Andes,EMB18,20,6,Yes,16,3,1,2,Yes,Yes,,Yes,Yes,Yes,Yes,Yes,Met,3/3,Met
"Universidad de los Andes,IA34",SBC12991G,Student Branch Chapter,Universidad de los Andes,IA34,20,6,Yes,3,0,3,2,No,Yes,,Yes,Yes,Yes,No,No,Met,2/3,Not Met
"Universidad de los Andes,PE31",SBC12991F,Student Branch Chapter,Universidad de los Andes,PE31,22,6,Yes,4,1,1,2,No,Yes,,Yes,Yes,Yes,Yes,Yes,Met,2/3,Not Met
"Universidad de los Andes,PEL35",SBC12991O,Student Branch Chapter,Universidad de los Andes,PEL35,18,6,Yes,12,2,1,2,Yes,Yes,,Yes,Yes,Yes,Yes,Yes,Met,3/3,Met
"Universidad de los Andes,RA24",SBC12991I,Student Branch Chapter,Universidad de los Andes,RA24,20,6,Yes,11,4,0,2,Yes,Yes,,Yes,Yes,Yes,Yes,Yes,Met,3/3,Met
"Universidad de los Andes,SP01",SBC12991D,Student Branch Chapter,Universidad de los Andes,SP01,0,6,No,0,0,0,2,No,No,,No,No,No,No,No,Not Met,0/3,Not Met
"Universidad de los Andes,SSC37",SBC12991P,Student Branch Chapter,Universidad de los Andes,SSC37,7,6,Yes,4,2,0,2,Yes,Yes,,No,Yes,No,Yes,Yes,Partial,2/3,Not Met
"Universidad de los Andes,VT06",SBC12991N,Student Branch Chapter,Universidad de los Andes,VT06,3,6,No,0,0,0,2,No,No,,No,No,No,No,No,Not Met,0/3,Not Met
"Universidad del Cauca,AES10",SBC09161C,Student Branch Chapter,Universidad del Cauca,AES10,9,6,Yes,8,7,1,2,Yes,Yes,,Yes,Yes,Yes,Yes,Yes,Met,3/3,Met
"Universidad del Cauca,C16",SBC09161B,Student Branch Chapter,Universidad del Cauca,C16,10,6,Yes,0,0,0,2,No,No,,No,No,No,No,No,Not Met,1/3,Not Met
"Universidad del Cauca,C16/COM19",SBC09161,Student Branch Chapter,Universidad del Cauca,C16/COM19,20,6,Yes,0,0,0,2,No,No,,No,No,No,No,No,Not Met,1/3,Not Met
"Universidad del Cauca,COM19",SBC09161A,Student Branch Chapter,Universidad del Cauca,COM19,16,6,Yes,0,0,0,2,No,No,,No,No,No,No,No,Not Met,1/3,Not Met
"Universidad del Cauca,ED15",SBC09161D,Student Branch Chapter,Universidad del Cauca,ED15,19,6,Yes,0,0,0,2,No,No,,No,No,No,No,No,Not Met,1/3,Not Met
"Universidad del Cauca,RA24",SBC09161E,Student Branch Chapter,Universidad del Cauca,RA24,17,6,Yes,0,0,0,2,No,Yes,,Yes,No,No,No,No,Met,2/3,Not Met
"Universidad del Quindio,ED15",SBC65911,Student Branch Chapter,Universidad del Quindio,ED15,7,6,Yes,7,2,0,2,Yes,Yes,,Yes,No,No,Yes,No,Met,3/3,Met
"Universidad del Rosario,C16",SBC99411C,Student Branch Chapter,Universidad del Rosario,C16,5,6,No,0,0,1,2,No,Yes,,Yes,Yes,Yes,Yes,Yes,Met,1/3,Not Met
"Universidad del Rosario,CIS11",SBC99411B,Student Branch Chapter,Universidad del Rosario,CIS11,2,6,No,0,0,0,2,No,Yes,,No,No,No,No,No,Partial,0/3,Not Met
"Universidad del Rosario,EMB18",SBC99411,Student Branch Chapter,Universidad del Rosario,EMB18,4,6,No,0,0,0,2,No,No,,No,No,No,No,No,Not Met,0/3,Not Met
"Universidad del Rosario,RA24",SBC99411A,Student Branch Chapter,Universidad del Rosario,RA24,2,6,No,0,0,0,2,No,No,,No,No,Yes,No,No,Not Met,0/3,Not Met
"Universidad del Valle, CAS04",SBC95801,Student Branch Chapter,Universidad del Valle,CAS04,39,6,Yes,3,2,1,2,Yes,Yes,,Yes,Yes,Yes,Yes,No,Met,3/3,Met
"Universidad del Valle, RA24",SBC95801A,Student Branch Chapter,Universidad del Valle,RA24,26,6,Yes,4,1,1,2,No,Yes,,No,Yes,Yes,No,No,Partial,1/3,Not Met
"Universidad del Valle,AES10",SBC95801C,Student Branch Chapter,Universidad del Valle,AES10,10,6,Yes,3,1,1,2,No,Yes,,No,Yes,Yes,Yes,Yes,Partial,1/3,Not Met
"Universidad del Valle,C16",SBC95801G,Student Branch Chapter,Universidad del Valle,C16,27,6,Yes,5,3,1,2,Yes,Yes,,Yes,Yes,Yes,Yes,No,Met,3/3,Met
"Universidad del Valle,CS23",SBC95801D,Student Branch Chapter,Universidad del Valle,CS23,11,6,Yes,2,1,0,2,No,Yes,,Yes,Yes,Yes,Yes,No,Met,2/3,Not Met
"Universidad del Valle,IM09",SBC95801F,Student Branch Chapter,Universidad del Valle,IM09,16,6,Yes,3,2,0,2,Yes,Yes,,Yes,No,No,No,No,Met,3/3,Met
"Universidad del Valle,PE31",SBC95801B,Student Branch Chapter,Universidad del Valle,PE31,18,6,Yes,5,2,1,2,Yes,Yes,,No,Yes,Yes,Yes,No,Partial,2/3,Not Met
"Universidad del Valle,PHO36",SBC95801E,Student Branch Chapter,Universidad del Valle,PHO36,1,6,No,2,1,0,2,No,No,,No,No,No,No,No,Not Met,0/3,Not Met
"Universidad el Bosque, C16",SBC60951A,Student Branch Chapter,Universidad El Bosque,C16,2,6,No,0,0,0,2,No,No,,No,No,No,No,No,Not Met,0/3,Not Met
"Universidad el Bosque, CS23",SBC60951B,Student Branch Chapter,Universidad El Bosque,CS23,0,6,No,0,0,0,2,No,No,,No,No,No,No,No,Not Met,0/3,Not Met
"Universidad el Bosque, EMB18",SBC60951C,Student Branch Chapter,Universidad El Bosque,EMB18,4,6,No,0,0,0,2,No,Yes,,Yes,Yes,No,No,No,Met,1/3,Not Met
"Universidad el Bosque, RA24",SBC60951E,Student Branch Chapter,Universidad El Bosque,RA24,1,6,No,0,0,0,2,No,No,,No,No,No,No,No,Not Met,0/3,Not Met
"University of Pamplona,CIS11",SBC41556639,Student Branch Chapter,University of Pamplona,CIS11,12,6,Yes,0,0,0,2,No,No,,No,No,No,No,No,Not Met,1/3,Not Met
"University of Pamplona,PE31",SBC41556639A,Student Branch Chapter,University of Pamplona,PE31,6,6,Yes,0,0,0,2,No,Yes,,No,Yes,Yes,Yes,Yes,Partial,1/3,Not Met
